Type,Key,Title,Epic,Milestone,Priority,Labels,AsA,IWant,SoThat,Acceptance,Refs,DependsOn
Epic,SPRINT-0,Sprint 0 — Foundations & setup,,M0 · Sprint 0 — Foundations & setup,,type:epic SPRINT-0 phase:0 area:infra,,,,,,
Story,REPO,Monorepo & solution scaffolding,SPRINT-0,M0 · Sprint 0 — Foundations & setup,P0,type:chore SPRINT-0 phase:0 area:infra,developer,"a scaffolded repo with the API, web, app and shared-package folders, a clean .NET solution, an Angular workspace and a Flutter workspace wired together",everyone builds against one consistent structure and shared code has an obvious home,"Repo layout documented in a top-level README (api/, web/, apps/, packages/, infra/, scripts/). | .NET solution builds; Angular workspace serves; both Flutter app shells run on a simulator. | Shared design-system and API-client packages exist as empty-but-buildable libraries. | Editorconfig, formatter and linter configs committed and enforced locally.","ADR: ADR-0005, ADR-0006",
Story,CICD,"CI/CD pipelines (build, test, deploy)",SPRINT-0,M0 · Sprint 0 — Foundations & setup,P0,type:chore SPRINT-0 phase:0 area:infra,developer,"pipelines that build and test the API, web and apps on every PR and deploy to dev/staging on merge",broken code is caught early and releases are repeatable,"PR pipeline runs build + unit/integration tests for API, web and apps and blocks merge on failure. | Merge to main deploys API + web to the dev environment automatically. | Mobile app builds produce installable artifacts for internal distribution. | Pipeline status is required for merge (branch protection ties in via S0-GOV).",,SPRINT-0/REPO
Story,IAC,Cloud environments & infrastructure-as-code (AU East),SPRINT-0,M0 · Sprint 0 — Foundations & setup,P0,type:chore SPRINT-0 phase:0 area:infra compliance,platform engineer,"dev, staging and prod environments provisioned via IaC, all pinned to Australia East",data residency is guaranteed and environments are reproducible,"IaC provisions compute, Postgres, blob storage and networking in Australia East for each environment. | A non-AU region for any PII/PHI resource fails the IaC policy check. | Environments are isolated (separate data stores, secrets, identities). | Tear-down/re-create of a non-prod environment is a single command.","Compliance: C21 · ADR: ADR-0001, ADR-0016",
Story,DB,Postgres + EF Core baseline & migrations,SPRINT-0,M0 · Sprint 0 — Foundations & setup,P0,type:chore SPRINT-0 phase:0 area:data,backend developer,"a Postgres database with EF Core, a migration pipeline and base entity/columns conventions",every module adds schema consistently and migrations run automatically per environment,EF Core connects to Postgres; migrations apply automatically on deploy. | Base entity convention includes tenant_id and created/updated audit columns. | A sample entity round-trips through repository + migration in tests. | Local dev uses a containerised Postgres seeded by S0-SEED.,ADR: ADR-0002,SPRINT-0/IAC
Story,RLS,Row-level-security multi-tenancy baseline,SPRINT-0,M0 · Sprint 0 — Foundations & setup,P0,type:chore SPRINT-0 phase:0 area:data compliance,platform engineer,"Postgres RLS policies keyed on tenant_id, with EF Core setting the session tenant context on every request","a query can never return another tenant's rows, even on a developer mistake","RLS policies are applied to all tenant-scoped tables. | API middleware sets the session tenant from the authenticated principal on every request. | An integration test proves Tenant A cannot read Tenant B rows and a cross-tenant id returns not-found. | Bypassing tenant context (e.g. background jobs) uses an explicit, audited elevated path.",ADR: ADR-0003 · PRD AC: PRD-01 AC2,SPRINT-0/DB SPRINT-0/SPIKE-RLS
Story,AUTH-STAFF,Staff identity: Entra ID SSO + MFA wiring,SPRINT-0,M0 · Sprint 0 — Foundations & setup,P0,type:chore SPRINT-0 phase:0 area:backend,staff member,to sign in to the web and provider app with my Microsoft 365 account and MFA,I use one secure corporate identity and no extra password,Entra ID app registration configured; web + provider app complete SSO + MFA. | Tokens carry the tenant and a stable user id usable by the API. | Sign-out and token refresh work across web and app. | Sessions are scoped to a single tenant.,ADR: ADR-0004 · PRD AC: PRD-01 AC3,SPRINT-0/SPIKE-AUTH
Story,AUTH-CLIENT,Client identity: Entra External ID (social / email / OTP) wiring,SPRINT-0,M0 · Sprint 0 — Foundations & setup,P0,type:chore SPRINT-0 phase:0 area:backend,client,"to create an account and sign in with social login, email+password, or a one-time code","I can access booking, intake and my records easily and securely","Entra External ID configured for social, local (email+password) and OTP flows. | Client app and public web complete each of the three sign-in methods. | Client identities are tenant-scoped and distinct from staff identities. | Account recovery (password reset / OTP resend) works.",ADR: ADR-0004 · PRD AC: PRD-01 AC3,SPRINT-0/SPIKE-AUTH
Story,API,".NET API skeleton: architecture, tenant context, error model",SPRINT-0,M0 · Sprint 0 — Foundations & setup,P0,type:chore SPRINT-0 phase:0 area:backend,backend developer,"an API skeleton with auth middleware, tenant-context resolution, a standard error/response model and health checks",feature modules are added consistently and cross-cutting concerns are solved once,Auth middleware validates Entra tokens (staff + client) and resolves tenant context for RLS. | Standard problem-details error responses and consistent pagination/filtering conventions. | Health/readiness endpoints and structured request logging in place. | A vertical-slice sample endpoint demonstrates the full pattern end-to-end.,ADR: ADR-0005,SPRINT-0/RLS SPRINT-0/AUTH-STAFF
Story,AUDIT-INFRA,Append-only audit infrastructure baseline,SPRINT-0,M0 · Sprint 0 — Foundations & setup,P0,type:chore SPRINT-0 phase:0 area:data compliance,platform engineer,an append-only AuditEvent store and a simple API/interceptor for modules to record reads and writes,auditability is a built-in default rather than a per-feature afterthought,AuditEvent table is append-only (no update/delete path) and carries who/what/when/tenant. | A reusable interceptor/helper records create/update/read for annotated entities or endpoints. | Events are queryable and exportable (full register UI is PRD-01/PRD-08). | Tampering attempts (update/delete) are rejected at the data layer.,Compliance: C10 · ADR: ADR-0010,SPRINT-0/DB
Story,OPENAPI,OpenAPI contract + typed client generation,SPRINT-0,M0 · Sprint 0 — Foundations & setup,P1,type:chore SPRINT-0 phase:0 area:backend,developer,the API to publish an OpenAPI document and CI to generate typed clients for web and Flutter,front-ends always match the API contract,API serves a versioned OpenAPI document. | Typed clients are generated for Angular and Flutter and published to the shared packages. | Client generation runs in CI and fails on a breaking contract change without a version bump. | The sample endpoint is consumed via the generated client in both web and app.,ADR: ADR-0006,SPRINT-0/API
Story,WEB-SHELL,"Angular web shell: routing, auth guard, layout",SPRINT-0,M0 · Sprint 0 — Foundations & setup,P1,type:chore SPRINT-0 phase:0 area:web,front-end developer,"an Angular shell with the Entra auth guard, top-level routing, a role-aware navigation frame and the design-system theme applied","feature screens drop into a consistent, authenticated layout",Unauthenticated users are redirected to Entra sign-in; authenticated users land on a shell. | Navigation is driven by capabilities/role (placeholder until PRD-01 RBAC lands). | Design-system theme + tokens applied globally. | A sample feature route renders inside the shell using the generated API client.,ADR: ADR-0005,SPRINT-0/AUTH-STAFF SPRINT-0/DESIGN
Story,DESIGN,Design system / shared component library + tokens,SPRINT-0,M0 · Sprint 0 — Foundations & setup,P1,type:chore SPRINT-0 phase:0 area:design,designer/developer,"a shared set of design tokens and core components (buttons, inputs, banners, the blocked-action banner, chips, tables)",all surfaces look consistent and the compliance UX patterns are reusable,"Tokens (colour, type, spacing) defined once and consumed by web + Flutter. | Core components include the cross-cutting patterns from UX §4 (blocked-action banner, consent/age chips, S4 guardrail tag, offline indicator). | Components are documented in a simple gallery/storybook. | Accessibility basics (contrast, focus, hit-target size) verified for core components.",ADR: ADR-0006,
Story,FLUTTER,Flutter app shells (client + provider) + shared packages,SPRINT-0,M0 · Sprint 0 — Foundations & setup,P1,type:chore SPRINT-0 phase:0 area:client-app area:provider-app,mobile developer,"client and provider app shells with bottom-tab navigation, shared auth/API/design packages and secure token storage",the two apps are built from one codebase with consistent plumbing,"Client app shell has the Home/Book/My care/Membership/Account tabs; provider app shell has Schedule/Patient/Medicines/Tasks tabs (empty screens). | Both apps sign in (client = External ID, provider = Entra) and call the sample endpoint. | Auth tokens stored in secure storage; design-system theme applied. | Builds are produced by CI for internal distribution.","ADR: ADR-0004, ADR-0006",SPRINT-0/AUTH-STAFF SPRINT-0/AUTH-CLIENT SPRINT-0/DESIGN
Story,SECRETS,Secrets & configuration management,SPRINT-0,M0 · Sprint 0 — Foundations & setup,P1,type:chore SPRINT-0 phase:0 area:infra,platform engineer,a managed secret store (Key Vault) wired into each environment and a typed config story for the API and apps,no secret is ever committed and rotation is possible,API and pipelines read secrets from the vault per environment; none in source control. | A secret-scanning check fails the build on a committed secret. | Config is environment-specific and typed; missing required config fails fast at startup. | Rotating a secret requires no code change.,,SPRINT-0/IAC
Story,OBS,"Observability: logging, tracing, metrics, alerting",SPRINT-0,M0 · Sprint 0 — Foundations & setup,P1,type:chore SPRINT-0 phase:0 area:infra,platform engineer,"structured logging, distributed tracing, key metrics dashboards and alerting wired across API and apps",we can diagnose issues and detect incidents (feeding the breach workflow) quickly,"Structured logs and traces flow to a central store with correlation ids across web/app/API. | Dashboards cover request rate, latency, errors and key resource health. | Alerts fire for error-rate and availability thresholds. | Audit/security-relevant signals are distinguishable to feed the breach workflow (PRD-01).",,SPRINT-0/API
Story,SEC-BASE,"Security baseline: encryption, headers, dependency & secret scanning",SPRINT-0,M0 · Sprint 0 — Foundations & setup,P0,type:chore SPRINT-0 phase:0 area:infra compliance,security-minded engineer,"TLS everywhere, encryption at rest, hardened HTTP headers, least-privilege identities and dependency/secret/code scanning in CI",the platform meets its baseline security obligations from day one,"All traffic is TLS; data stores are encrypted at rest. | Security headers (CSP, HSTS, etc.) applied to web; CORS locked down. | Dependency, secret and SAST scans run in CI and gate merges on high-severity findings. | Service identities follow least-privilege; no shared admin credentials.","Compliance: C10, C21 · ADR: ADR-0016",SPRINT-0/CICD
Story,TEST,Test strategy & harness + quality gates,SPRINT-0,M0 · Sprint 0 — Foundations & setup,P1,type:chore SPRINT-0 phase:0 area:backend,developer,"test harnesses for API (unit + integration), web and apps, plus an e2e smoke suite and coverage gates in CI",compliance invariants are protected by tests and regressions are caught automatically,Unit + integration test projects exist for the API (integration tests run against a real Postgres with RLS). | Web and app unit/widget test setups in place; an e2e smoke test covers sign-in + the sample flow. | Coverage threshold enforced in CI. | A documented convention for writing 'compliance invariant' tests (gate must block) exists.,,SPRINT-0/CICD SPRINT-0/RLS
Story,SEED,Synthetic seed data & local dev environment,SPRINT-0,M0 · Sprint 0 — Foundations & setup,P2,type:chore SPRINT-0 phase:0 area:data,developer,"a one-command local environment seeded with synthetic tenant, staff, clients, catalogue and stock",I can run and demo any module locally without touching real data,"A script spins up Postgres + API + web locally and seeds a synthetic tenant. | Seed covers staff roles/credentials, clients (incl. an under-18), services flagged S4/non-S4, and stock lots. | All seed data is clearly synthetic; no real client/staff/business info. | Seed is reproducible and used by integration/e2e tests.",,SPRINT-0/DB
Story,GOV,"Repo governance: branch protection, PR & env protection",SPRINT-0,M0 · Sprint 0 — Foundations & setup,P2,type:chore SPRINT-0 phase:0 area:infra,maintainer,"protected main with required status checks and reviews, PR/issue templates, and protected prod deployments",quality gates can't be bypassed and changes are traceable,"main requires passing checks + at least one review before merge. | PR and issue templates committed (PR template references the backlog item). | Production deploys require an approval gate. | CODEOWNERS routes reviews for sensitive areas (auth, medicines, compliance).",,SPRINT-0/CICD
Story,SPIKE-AUTH,Spike — Entra External ID ↔ Flutter ↔ .NET auth,SPRINT-0,M0 · Sprint 0 — Foundations & setup,P0,type:spike spike SPRINT-0 phase:0 area:backend,engineer,a time-boxed spike proving staff + client sign-in from Flutter and web through to authorised .NET API calls,the auth wiring stories proceed on a proven approach,"A throwaway prototype completes Entra (staff) and External ID (client) sign-in from Flutter and web. | An authorised call reaches a .NET endpoint with tenant + role claims usable for RLS/RBAC. | Findings, library choices and gotchas written up; risks/decisions captured (ADR if needed). | Outcome explicitly feeds AUTH-STAFF / AUTH-CLIENT.",ADR: ADR-0004,
Story,SPIKE-RLS,Spike — Postgres RLS with EF Core session context,SPRINT-0,M0 · Sprint 0 — Foundations & setup,P0,type:spike spike SPRINT-0 phase:0 area:data,engineer,a spike proving EF Core reliably sets the Postgres session tenant for RLS under connection pooling and async,the RLS baseline is built on a verified pattern,Prototype shows RLS isolation holds across pooled connections and async requests. | A safe elevated/bypass path for background jobs is demonstrated and audited. | Performance impact measured and acceptable. | Pattern documented and feeds SPRINT-0/RLS.,"ADR: ADR-0002, ADR-0003",
Story,SPIKE-SQUARE,Spike — Square AU card-on-file recurring autopay,SPRINT-0,M0 · Sprint 0 — Foundations & setup,P1,type:spike spike SPRINT-0 phase:0 area:integration,engineer,a spike confirming Square AU can tokenise a card and run recurring charges with failure/dunning handling,the membership autopay design is viable (or an alternative is chosen early),"Prototype tokenises a test card and runs a scheduled recurring charge in Square AU sandbox. | Failed-charge / retry behaviour observed; dunning approach outlined. | PCI posture confirmed: no PAN stored, only provider tokens (ADR-0007). | Go/no-go + findings recorded; feeds PRD-06 memberships.",ADR: ADR-0007,
Story,SPIKE-CANVAS,Spike — Flutter injection-mapping canvas,SPRINT-0,M0 · Sprint 0 — Foundations & setup,P1,type:spike spike SPRINT-0 phase:0 area:provider-app,mobile engineer,"a spike of the Flutter canvas: tap-to-add and drag injection points over a facial diagram and a photo, each holding metadata","PRD-05 charting builds on a proven, performant canvas","Prototype supports tap-to-add, drag-to-move and per-point metadata over both a diagram and an image. | Performs smoothly on a mid-range device with many points. | Coordinate model survives image scaling/rotation and is persistable. | Approach documented; feeds PRD-05 mapping stories.",ADR: ADR-0006,
Story,SPIKE-OFFLINE,Spike — offline queue & sync integrity (provider app),SPRINT-0,M0 · Sprint 0 — Foundations & setup,P1,type:spike spike SPRINT-0 phase:0 area:provider-app,mobile engineer,a spike proving an encrypted local queue for drafts/photos that syncs with no data loss and last-write-wins drafts,the offline-tolerant charting design is viable,Prototype queues drafts + a photo offline (encrypted) and syncs cleanly on reconnect with no loss. | Conflict handling (last-write-wins for drafts) demonstrated; finalisation is server-side. | Photos never persist on device beyond a transient sync cache (C14/ADR-0009). | Approach documented; feeds PRD-05 / PRD-09.,"Compliance: C14 · ADR: ADR-0009, ADR-0010, ADR-0015",
Epic,PRD-01,"Foundations & tenancy (auth, RBAC, audit, data model)",,M1 · Foundations & tenancy (PRD-01),,type:epic PRD-01 phase:0 area:backend compliance,,,,,,
Story,TENANT,Tenant provisioning & staff invitation,PRD-01,M1 · Foundations & tenancy (PRD-01),P0,type:story PRD-01 phase:0 area:backend,owner,to provision my clinic and invite staff who then sign in with our Microsoft 365 accounts,my team can access the platform under one isolated tenant,Provisioning creates a tenant with locations and an owner account. | Invited staff complete Entra SSO and are bound to the tenant. | All records created carry tenant_id and are RLS-isolated. | Re-inviting / deactivating a staff member is supported and audited.,"REQ: REQ-TEN-1, REQ-TEN-2 · ADR: ADR-0003, ADR-0004 · PRD AC: AC2, AC3",
Story,RBAC,RBAC + scope-of-practice matrix enforcement,PRD-01,M1 · Foundations & tenancy (PRD-01),P0,type:story PRD-01 phase:1 area:backend compliance,owner,roles mapped to capabilities so the system blocks any action outside a user's scope of practice,people can only do what they're trained and legally allowed to do,"Capabilities × concerns model implemented; each API action checks a capability. | The persona set (NP, Lead RN, RN, dermal, reception, owner-business) maps to the matrix. | An out-of-scope action is blocked with a clear reason and an audit event. | Owner-business is read-only for clinical/stock unless they hold the credential.","REQ: REQ-TEN-3, REQ-TEN-4 · Compliance: C4, C19 · ADR: ADR-0017 · PRD AC: AC1",PRD-01/TENANT
Story,CREDENTIALS,Staff credentials + canInject compliance gate,PRD-01,M1 · Foundations & tenancy (PRD-01),P0,type:story PRD-01 phase:1 area:backend compliance,owner,structured credential + CPD + cosmetic-cover-insurance records that derive whether each practitioner is cleared to treat/inject,"only registered, insured, in-scope staff can be booked and can treat","Profiles capture AHPRA reg/type/status/expiry/conditions, ≥1yr-experience flag, CPD and cosmetic-cover PII. | A practitioner whose PII excludes cosmetic, or whose registration has lapsed, is flagged not-cleared. | The designated RN prescriber role is supported (endorsement + recorded partnered prescriber). | canInject is a single derived signal consumed by booking (PRD-02) and treatment gates.","REQ: REQ-TEN-6, REQ-TEN-7, REQ-TEN-8, REQ-TEN-9 · Compliance: C4, C19 · ADR: ADR-0028, ADR-0029 · PRD AC: AC1",PRD-01/RBAC
Story,REG-WATCH,Registration / PII / CPD expiry alerting,PRD-01,M1 · Foundations & tenancy (PRD-01),P1,type:story PRD-01 phase:1 area:backend compliance,owner,"to be alerted before a practitioner's registration, cosmetic insurance or CPD lapses",we never treat with an unregistered or uninsured practitioner,"Items within N days of expiry surface on an alert/watchlist (also feeds PRD-08). | On lapse, the practitioner's canInject flips to not-cleared automatically. | Alerts are role-targeted and dismiss/acknowledge is audited. | AHPRA register auto-verification (PIE) is supported with a first-class manual-verify fallback.",REQ: REQ-TEN-7 · Compliance: C19 · ADR: ADR-0029 · PRD AC: AC1,PRD-01/CREDENTIALS
Story,ROSTER,Rosters & engagement type,PRD-01,M1 · Foundations & tenancy (PRD-01),P1,type:story PRD-01 phase:1 area:backend,manager,to record staff rosters/time-off and each person's engagement type,booking availability reflects who is actually working and cleared,Rosters and time-off are recorded per staff member and location. | Booking availability is derived from roster ∩ canInject (consumed by PRD-02). | Engagement type (employee/contractor) is recorded per staff member. | Roster changes are audited.,"REQ: REQ-TEN-8, REQ-TEN-9 · ADR: ADR-0028, ADR-0029",PRD-01/CREDENTIALS
Story,AUDIT,Exportable audit trail for clinical / medicines / PII,PRD-01,M1 · Foundations & tenancy (PRD-01),P0,type:story PRD-01 phase:1 area:data compliance,compliance officer,"to export an audit trail of who viewed or changed clinical, medicines and PII data",we can evidence access and changes in an inspection,Every read/write of clinical/medicines/PII produces an immutable AuditEvent (who/what/when/tenant). | The log cannot be edited or deleted. | A compliance officer can filter and export the trail. | Sensitive-data reads (not just writes) are captured.,REQ: REQ-SEC-3 · Compliance: C10 · ADR: ADR-0010 · PRD AC: AC4,PRD-01/TENANT
Story,RETENTION,Retention policy engine & destruction register,PRD-01,M1 · Foundations & tenancy (PRD-01),P1,type:story PRD-01 phase:1 area:backend compliance,admin,retention timers and a destruction register that surfaces records due for destruction and logs their destruction,"we keep records exactly as long as the law requires, no more, no less","Retention rules: adults ≥7y from last contact; minors to age 25; indefinite on complaint/litigation. | Records past retention surface for destruction with their retention basis. | Destroying a record writes a destruction-register entry (patient, period, date) + certificate reference. | A transfer log records records handed to another provider.",REQ: REQ-SEC-4 · Compliance: C18 · PRD AC: AC5,PRD-01/AUDIT
Story,BREACH,Data-breach assessment & notification workflow,PRD-01,M1 · Foundations & tenancy (PRD-01),P1,type:story PRD-01 phase:1 area:backend compliance,admin,"a workflow that, when a breach is flagged, guides assessment and produces OAIC + individual notifications and a register entry",we meet Notifiable Data Breaches obligations,"Flagging a breach starts an assessment workflow. | If assessed eligible, it produces OAIC + individual notification drafts. | A breach-register entry is created and retained. | Observability/security signals (Sprint 0 OBS) can seed a breach case.",REQ: REQ-SEC-7 · Compliance: C22 · PRD AC: AC7,PRD-01/AUDIT
Story,PRIVACY-RIGHTS,"Client privacy: collection notice, access & correction (DSAR)",PRD-01,M1 · Foundations & tenancy (PRD-01),P1,type:story PRD-01 phase:1 area:backend compliance,client,"to see a clear collection notice, access a copy of my data and request a correction",my privacy rights under the Privacy Act are respected,Collection notice + consent shown and recorded at sign-up. | A client can view/export their own personal/health data. | A correction request is tracked to resolution against the DSAR clock. | All access/correction actions are audited.,"REQ: REQ-SEC-5, REQ-SEC-8, REQ-SEC-9 · Compliance: C21 · PRD AC: AC6",PRD-01/TENANT
Story,RESIDENCY,Data residency & sub-processor controls,PRD-01,M1 · Foundations & tenancy (PRD-01),P1,type:story PRD-01 phase:1 area:infra compliance,compliance officer,assurance and enforcement that PII/PHI stays in Australia and never flows to a non-AU sub-processor without an APP-8 assessment,we meet residency and cross-border obligations,"All PII/PHI resources resolve to Australia East (verified, ties to Sprint 0 IAC policy). | An integration to a non-AU sub-processor is blocked unless an APP-8 assessment + consent record exists. | Sub-processor data flows are documented in a register. | Signed-URL media access enforces the same residency.","REQ: REQ-SEC-1, REQ-SEC-2, REQ-SEC-6 · Compliance: C21 · ADR: ADR-0016 · PRD AC: AC8",SPRINT-0/IAC
Story,CLIENT-CORE,Client core record: DOB & under-18 flag,PRD-01,M1 · Foundations & tenancy (PRD-01),P1,type:story PRD-01 phase:1 area:backend,system,to capture client DOB and derive an under-18 flag,downstream cooling-off and pricing rules can enforce age-based requirements,DOB captured; under-18 flag derived and exposed to PRD-03/PRD-06/PRD-07. | The flag updates correctly across a birthday. | Soft-delete with audit and duplicate handling supported (full CRM in PRD-02). | Under-18 status is visible on the patient header (consumed by UX age chip).,REQ: REQ-CLI-3 · Compliance: C6,PRD-01/TENANT
Story,ROLE-BUILDER,Custom-role builder (placeholder),PRD-01,M1 · Foundations & tenancy (PRD-01),P2,type:story PRD-01 phase:2plus area:backend,owner,to define custom roles from capabilities,I can model staff arrangements that don't fit the presets,Placeholder — design only in v1; presets are sufficient for launch. | Captured so the capability model stays builder-ready.,REQ: REQ-TEN-5 · ADR: ADR-0017,
Epic,PRD-02,Booking & scheduling (+ client/CRM basics),,"M2 · Booking, CRM, intake & consent (PRD-02, PRD-03)",,type:epic PRD-02 phase:1 area:web area:backend,,,,,,
Story,CALENDAR,Multi-resource calendar (practitioner + room),PRD-02,"M2 · Booking, CRM, intake & consent (PRD-02, PRD-03)",P0,type:story PRD-02 phase:1 area:web,front desk,a day/week/room calendar showing practitioners and rooms with correct service durations and buffers,I can run the diary at a glance and book without clashes,"Resources = practitioner + room; service durations include buffer/processing/turnaround. | Day, week and room views render; rosters and time-off block availability. | Drag to move an appointment; conflicts on room/chair/device are flagged. | Per-day and per-treatment-type counts + utilisation surfaced.","REQ: REQ-BOOK-1 · ADR: ADR-0024, ADR-0026",PRD-01/ROSTER
Story,ONLINE-BOOK,Online self-booking (scope-aware),PRD-02,"M2 · Booking, CRM, intake & consent (PRD-02, PRD-03)",P0,type:story PRD-02 phase:1 area:web compliance,client,"to book a consult/treatment online by choosing service, practitioner and time",I can book without calling the clinic,"Booking wizard: service → practitioner → time → client → confirm. | Injectable services offer only cleared RN/NP (scope-aware, per C4); others never appear bookable for it. | Public service names are generic and S4 prices withheld by configuration (C9, see PRD-07). | Under-18 bookings are flagged for downstream cooling-off (feeds PRD-03).","REQ: REQ-BOOK-2 · Compliance: C4, C6, C9 · PRD AC: AC1, AC5",PRD-02/CALENDAR PRD-01/CREDENTIALS
Story,CONSULT-GATE,Consult gate on injectable appointments,PRD-02,"M2 · Booking, CRM, intake & consent (PRD-02, PRD-03)",P0,type:story PRD-02 phase:1 area:backend compliance,system,to block a checked-in injectable appointment from opening charting unless a consult is linked,no S4 treatment can proceed without the required consult,"A checked-in injectable appointment with no linked consult cannot open the charting screen. | The blocked-action banner explains what's missing and who can resolve it. | Once a consult is recorded the gate clears (handoff to PRD-04). | The block is server-enforced, not just UI.",REQ: REQ-BOOK-5 · Compliance: C1 · PRD AC: AC2,PRD-02/ONLINE-BOOK
Story,LIFECYCLE,Visit lifecycle & status state-machine,PRD-02,"M2 · Booking, CRM, intake & consent (PRD-02, PRD-03)",P1,type:story PRD-02 phase:1 area:web,front desk,"a clear visit status flow with check-in, an in-room-now indicator and late/no-show flags",the team always knows where each client is in the visit,"Status state-machine with role hand-offs; check-in on arrival. | An 'in-room now' indicator with quick links to chart/profile. | Late and no-show flags; a no-show raises a follow-up call (feeds PRD-07 jobs). | New-vs-returning, reason and roster captured on the booking.","REQ: REQ-BOOK-4, REQ-BOOK-7 · ADR: ADR-0024",PRD-02/CALENDAR
Story,REMINDERS,Reminders & self-service reschedule/cancel,PRD-02,"M2 · Booking, CRM, intake & consent (PRD-02, PRD-03)",P1,type:story PRD-02 phase:1 area:web,client,appointment reminders I can confirm/decline and the ability to reschedule or cancel within policy myself,I don't need to call and the clinic's diary stays accurate,Reminders fire per template (SMS/app/email); confirm/decline updates status. | Self-reschedule/cancel within policy; outside policy the configured rule applies (no auto-charge in v1). | Cancellation/no-show policy is configurable. | Reminder channel is provided by PRD-07.,"REQ: REQ-BOOK-3, REQ-BOOK-4 · PRD AC: AC3, AC6",PRD-02/LIFECYCLE
Story,WAITLIST,Waitlist & cancellation backfill,PRD-02,"M2 · Booking, CRM, intake & consent (PRD-02, PRD-03)",P1,type:story PRD-02 phase:1 area:web,front desk,a waitlist that auto-offers a freed slot when an appointment cancels or no-shows,we keep the diary full,Clients can be added to a waitlist for a service/window. | Cancelling/no-showing a slot offers it to the waitlist. | Quiet-window fill suggestions surface from utilisation data. | Offered/accepted/expired waitlist states are tracked.,REQ: REQ-BOOK-4 · ADR: ADR-0026 · PRD AC: AC4,PRD-02/REMINDERS
Story,WALKINS,"Walk-ins, same-day add-ons & resources",PRD-02,"M2 · Booking, CRM, intake & consent (PRD-02, PRD-03)",P2,type:story PRD-02 phase:1 area:web,front desk,to add walk-ins and same-day add-ons against available rooms/chairs/devices,we capture opportunistic demand without breaking the rules or double-booking resources,Walk-in and same-day add-on flows exist; an injectable walk-in still requires a consult first. | Room/chair/device resources are bookable with conflict-flagging and utilisation. | VIP / first-time appointment tags supported. | Resource conflicts are surfaced before confirmation.,"REQ: REQ-BOOK-3, REQ-BOOK-6 · ADR: ADR-0026",PRD-02/CALENDAR
Story,CLIENT-360,Client 360° profile,PRD-02,"M2 · Booking, CRM, intake & consent (PRD-02, PRD-03)",P1,type:story PRD-02 phase:1 area:web,staff member,"a single 360° client profile pulling together history, medical flags, consents, photos, memberships, balances and comms",I have the full picture in one place,"Profile aggregates overview, medical/contraindications, consents, photos, visits, memberships, balance, comms, complaints. | Consent/age chips render on the header (consent ✓ / image-use ✓ / under-18 cooling-off). | Access is RBAC-scoped (reception sees limited clinical info) and audited. | Surfaces data owned by PRD-03/04/05/06/11 via the API.","REQ: REQ-CLI-1, REQ-CLI-2 · Compliance: C10",PRD-01/CLIENT-CORE
Story,CLIENT-DIR,"Client directory: search, filter, merge, soft-delete",PRD-02,"M2 · Booking, CRM, intake & consent (PRD-02, PRD-03)",P2,type:story PRD-02 phase:1 area:web,front desk,"to search and filter clients, merge duplicates and soft-delete with audit",the client list stays accurate and findable,Fast search/filter across the directory. | Duplicate detection + merge that preserves history and audit. | Soft-delete with audit; deleted clients excluded from active views. | Quick client search is reachable from the front-desk shell.,"REQ: REQ-CLI-1, REQ-CLI-2 · Compliance: C10",PRD-02/CLIENT-360
Story,DEPOSITS,Booking deposits / card-on-file hold (placeholder),PRD-02,"M2 · Booking, CRM, intake & consent (PRD-02, PRD-03)",P2,type:story PRD-02 phase:2plus area:backend,owner,to optionally require a booking deposit or card-on-file hold,no-shows cost less,Placeholder — not in v1 (no deposits/holds in v1). | Design must keep the cooling-off suppression invariant (F14): no hold during a cooling-off period.,REQ: REQ-BOOK-3 · ADR: ADR-0036,
Epic,PRD-03,"Intake, consent & compliance gating",,"M2 · Booking, CRM, intake & consent (PRD-02, PRD-03)",,type:epic PRD-03 phase:1 area:backend compliance,,,,,,
Story,INTAKE,Pre-visit intake forms,PRD-03,"M2 · Booking, CRM, intake & consent (PRD-02, PRD-03)",P0,type:story PRD-03 phase:1 area:client-app area:backend,client,"to complete my medical history, medications, allergies and contraindications before my visit on my phone",my practitioner has what they need and my treatment is safe,"Configurable pre-visit forms capture history, meds, allergies/contraindications. | Intake is sent on booking and completable in the client app/web. | Responses auto-link to the client's chart. | Incomplete required intake contributes to the treatment block.","REQ: REQ-CONS-2, REQ-CONS-3",PRD-02/ONLINE-BOOK
Story,BDD,BDD / psychological screening instrument,PRD-03,"M2 · Booking, CRM, intake & consent (PRD-02, PRD-03)",P0,type:story PRD-03 phase:1 area:backend compliance,RN/NP,a BDD/psychological screen completed and surfaced before I proceed,I can avoid harm for at-risk patients per the guidelines,A validated BDD/psychological screening instrument is embedded in intake. | A completed screen authored/reviewed by an RN/NP is present before treatment. | A positive flag is surfaced to the prescriber and recorded. | Which instrument is used is configurable (open question to confirm).,REQ: REQ-CONS-2 · Compliance: C3 · PRD AC: AC2,PRD-03/INTAKE
Story,CONSENT,Versioned e-signed consent with mandated content,PRD-03,"M2 · Booking, CRM, intake & consent (PRD-02, PRD-03)",P0,type:story PRD-03 phase:1 area:backend compliance,client,"to read plain-language consent covering the procedure, risks, alternatives, the practitioner's qualifications and costs, and e-sign it",I give genuinely informed consent,"Consent is versioned, e-signed and contains all mandated content. | Treatment is blocked until a current, version-matched consent is signed; the block states what's missing. | Changing a template creates a new version; previously signed consents stay bound to their version. | Consent versions are retained per the retention policy (C18).","REQ: REQ-CONS-1 · Compliance: C5, C18 · PRD AC: AC1, AC6",PRD-03/INTAKE
Story,IMAGE-CONSENT,"Separate, withdrawable image-use consent",PRD-03,"M2 · Booking, CRM, intake & consent (PRD-02, PRD-03)",P1,type:story PRD-03 phase:1 area:backend compliance,client,to give separate consent for photo use and withdraw it whenever I want,I control how my images are used,Image-use consent is separate from treatment consent and scoped. | Withdrawing it immediately stops further use and is audited. | Downstream media features (PRD-05/09) check this consent. | Granted/withdrawn state is visible on the patient header chip.,REQ: REQ-CONS-5 · Compliance: C14 · PRD AC: AC4,PRD-03/CONSENT
Story,COOLING-OFF,Cooling-off & under-18 payment block,PRD-03,"M2 · Booking, CRM, intake & consent (PRD-02, PRD-03)",P1,type:story PRD-03 phase:1 area:backend compliance,system,to enforce a 7-day cooling-off and payment block for under-18s and record a second consultation,minors are protected per the rules,For under-18: ≥7 days enforced between consent and procedure; payment blocked except the consult until elapsed. | A second-consultation offer is recorded. | Optional adult cooling-off is configurable (default per legal read). | Payment block coordinates with PRD-06.,REQ: REQ-CONS-4 · Compliance: C6 · PRD AC: AC3,PRD-01/CLIENT-CORE PRD-03/CONSENT
Story,GATING,Server-enforced treatment gating,PRD-03,"M2 · Booking, CRM, intake & consent (PRD-02, PRD-03)",P0,type:story PRD-03 phase:1 area:backend compliance,RN/NP,"the system to block treatment until required intake and consent are complete and current, telling me exactly what's missing",the compliant path is the only path,Treatment is blocked server-side unless required intake + current consent exist. | The block states what's missing and how to resolve it (never a dead-end). | The gate is the shared mechanism consumed by PRD-04/05. | Gate decisions are audited.,Compliance: C5 · ADR: ADR-0008 · PRD AC: AC1,PRD-03/CONSENT PRD-03/BDD
Epic,PRD-04,"Consult, prescribing & S4 medicines governance (the moat)",,"M3 · Consult, prescribing, S4 & charting (PRD-04, PRD-05)",,type:epic PRD-04 phase:1 area:backend compliance,,,,,,
Story,CONSULT,Synchronous consult record,PRD-04,"M3 · Consult, prescribing, S4 & charting (PRD-04, PRD-05)",P0,type:story PRD-04 phase:1 area:backend compliance,prescriber,to record a synchronous consult (in person or from our external telehealth app) before writing any script,every prescription is backed by a real assessment,"Consult records modality (in-person/telehealth-external), prescriber, timestamp, external reference, notes. | A prescription cannot be saved without a linked synchronous consult at/just-before script time. | The remote-prescriber path links the externally-conducted consult to the resulting script. | Consult creation is audited.","REQ: REQ-RX-1, REQ-RX-4 · Compliance: C1 · ADR: ADR-0011 · PRD AC: AC1",PRD-02/CONSULT-GATE PRD-03/GATING
Story,PRESCRIPTION,Individual prescription (no batch / no async),PRD-04,"M3 · Consult, prescribing, S4 & charting (PRD-04, PRD-05)",P0,type:story PRD-04 phase:1 area:backend compliance,prescriber,to write an individual prescription for this patient tied to their consult,prescribing is lawful and patient-specific,"One prescription per client per consult; applying one script to multiple clients is rejected. | Standing-order/batch scripts and async-only prescribing are impossible to create. | Prescriber may be NP, remote prescriber, or designated RN prescriber (with recorded partnered prescriber). | Off-label is flagged on the script and requires consent covering off-label use.","REQ: REQ-RX-2, REQ-RX-5 · Compliance: C2, C5 · PRD AC: AC2, AC8",PRD-04/CONSULT PRD-01/CREDENTIALS
Story,PRODUCT-CATALOGUE,Medicines & product catalogue (S4 classification),PRD-04,"M3 · Consult, prescribing, S4 & charting (PRD-04, PRD-05)",P0,type:story PRD-04 phase:1 area:backend compliance,owner,"a product catalogue where each product has a type, unit, S4 flag and regulatory metadata",the right rules apply to each product across the platform,"Typed products each with their own unit (units vs syringes), par, expiry tracking. | Capability-gated product admin sets the S4 flag (drives PRD-06 rewards + PRD-07 naming). | Products carry regClass/artg/compounded; prohibited compounded GLP-1 is blocked. | Retail (non-S4) SKUs supported alongside medicines.","REQ: REQ-MED-11, REQ-MED-12, REQ-MED-13 · ADR: ADR-0014, ADR-0021, ADR-0025",
Story,ADMIN-GATE,Administration gating & immutable record,PRD-04,"M3 · Consult, prescribing, S4 & charting (PRD-04, PRD-05)",P0,type:story PRD-04 phase:1 area:backend compliance,RN,"to administer S4 only against a valid unconsumed script for this client, recording product, units, depth, site and batch-lot/expiry","every dose is lawful, traceable and tamper-proof","An Administration cannot persist without a valid script (same client), current consent and a selected in-date lot. | It records product, units, depth, site and batch-lot/expiry; it is immutable once saved. | A blocked attempt shows the reason and writes an audit event. | The administration appears in the medicine register.","REQ: REQ-RX-3, REQ-MED-4 · Compliance: C8 · ADR: ADR-0010 · PRD AC: AC3",PRD-04/PRESCRIPTION PRD-04/STOCK-RECEIVE
Story,STOCK-RECEIVE,"Stock receipt, ARTG & lawful-supply provenance",PRD-04,"M3 · Consult, prescribing, S4 & charting (PRD-04, PRD-05)",P0,type:story PRD-04 phase:1 area:backend compliance,prescriber/owner,"to receive S4 stock and record its ARTG status, brand, sponsor and lawful supply source","we only hold lawfully-supplied, approved medicine","Receiving records ARTG status, brand, sponsor and supply source per lot. | Receiving non-ARTG or unverified-source stock is warned/blocked per config. | S4 purchase orders require a prescriber signer + TGA-approved wholesaler. | ARTG validation supports manual entry (lookup against an ARTG dataset is an open option).","REQ: REQ-MED-6, REQ-MED-2 · Compliance: C11 · PRD AC: AC7",PRD-04/PRODUCT-CATALOGUE
Story,CUSTODY-STORAGE,Custody & secure storage,PRD-04,"M3 · Consult, prescribing, S4 & charting (PRD-04, PRD-05)",P0,type:story PRD-04 phase:1 area:backend compliance,owner,"stock custody limited to an on-site prescriber and bound to a secure, access-logged location",S4 custody meets the exclusive-custody rule,Only NP/prescriber roles can take custody of stock. | Stock is bound to a secure location; access is logged. | A custodian + exclusive-custody attestation + designated medicine-store contact are recorded. | A remote prescriber consigning stock is flagged non-compliant.,"REQ: REQ-MED-2, REQ-MED-8 · Compliance: C7, C15 · PRD AC: AC5",PRD-04/STOCK-RECEIVE
Story,COLD-CHAIN,Temperature logging & excursion alerts,PRD-04,"M3 · Consult, prescribing, S4 & charting (PRD-04, PRD-05)",P1,type:story PRD-04 phase:1 area:backend area:integration compliance,owner,temperature logging for the medicine fridge with excursion alerts,we never use medicine that breached cold-chain,Temperature can be logged (manual + via the device API) for storage locations. | An excursion raises an alert and flags affected stock for quarantine. | A breach pathway can quarantine a lot and raise a job (links PRD-11). | Excursion history is retained and visible.,REQ: REQ-MED-7 · Compliance: C13 · PRD AC: AC6,PRD-04/CUSTODY-STORAGE
Story,VIAL-RECON,Vial / unit reconciliation,PRD-04,"M3 · Consult, prescribing, S4 & charting (PRD-04, PRD-05)",P1,type:story PRD-04 phase:1 area:backend compliance,owner,vial/unit reconciliation across draws and wastage,"stock, billing and the medicine register always agree",Each administration decrements the selected lot; vial reconciliation tracks units drawn vs vial size + wastage. | Discrepancies are surfaced. | Reconciliation data feeds reporting (PRD-08). | Partial-vial handling is supported.,REQ: REQ-MED-5 · Compliance: C8,PRD-04/ADMIN-GATE
Story,RECALL-LOOKUP,Lot → clients recall lookup & medicine register,PRD-04,"M3 · Consult, prescribing, S4 & charting (PRD-04, PRD-05)",P0,type:story PRD-04 phase:1 area:backend compliance,prescriber/owner,"to enter a lot number and instantly see every client who received it, plus export the medicine register",we can run a recall in minutes and evidence the register,"A lot lookup returns all clients/administrations for that lot. | The S4 register exports a complete, immutable record of administrations. | Recall execution + acknowledgement tracking is available (full hub in PRD-08/11). | The register is queryable by date, product, prescriber, administrator.",REQ: REQ-MED-4 · Compliance: C8 · PRD AC: AC4,PRD-04/ADMIN-GATE
Story,WASTAGE-DESTRUCTION,"Wastage, disposal & destruction records",PRD-04,"M3 · Consult, prescribing, S4 & charting (PRD-04, PRD-05)",P1,type:story PRD-04 phase:1 area:backend compliance,owner,"to record wastage, disposal and destruction (including partial vials) with certificates",we evidence lawful disposal of S4 medicine,"Wastage/destruction records capture quantity, reason, pathway and certificate reference. | Partial-vial destruction is supported. | Licensed/RUM disposal pathway is recorded. | Records are immutable and audited.",REQ: REQ-MED-9 · Compliance: C16 · PRD AC: AC9,PRD-04/CUSTODY-STORAGE
Story,STOCKTAKE,"Stocktake, discrepancy & loss/theft reporting",PRD-04,"M3 · Consult, prescribing, S4 & charting (PRD-04, PRD-05)",P1,type:story PRD-04 phase:1 area:backend compliance,owner,to run a stocktake and have discrepancies surfaced with a loss/theft reporting path,stock integrity is provable and losses are reported,A stocktake compares expected vs counted stock per lot. | Discrepancies are recorded; a discrepancy can trigger a loss/theft report. | Expiry alerts surface near-expiry lots. | Stocktake results feed the compliance dashboard (PRD-08).,REQ: REQ-MED-10 · Compliance: C17 · PRD AC: AC9,PRD-04/CUSTODY-STORAGE
Story,MODE-B,Mode B pharmacy-dispensing model (placeholder),PRD-04,"M3 · Consult, prescribing, S4 & charting (PRD-04, PRD-05)",P2,type:story PRD-04 phase:2plus area:backend,owner,a pharmacy-dispensing mode for clinics without on-site custody,the platform fits a pharmacy-partner arrangement,Placeholder — v1 is Mode A only; tenant mode switch already anticipates Mode B. | Captured so the medicines model stays mode-aware.,REQ: REQ-MED-1 · Compliance: C7,
Epic,PRD-05,Clinical charting: injection mapping & before/after,,"M3 · Consult, prescribing, S4 & charting (PRD-04, PRD-05)",,type:epic PRD-05 phase:1 area:provider-app area:backend,,,,,,
Story,NOTE-TEMPLATE,Guided toxin treatment note & pre-treatment review,PRD-05,"M3 · Consult, prescribing, S4 & charting (PRD-04, PRD-05)",P0,type:story PRD-05 phase:1 area:provider-app,injector,"a guided note that first surfaces safety, last treatment and the consult/Rx, then a toxin template",I chart quickly and safely with the right context in front of me,"Pre-treatment review surfaces safety flags, last treatment and the linked consult/Rx (verified before opening). | Configurable toxin template with structured fields, free text and reusable phrases/snippets. | A non-S4 skin note variant exists (treatment-type-aware). | Charting cannot open unless the consult+consent gate is satisfied (PRD-03/04).","REQ: REQ-CLIN-1, REQ-CLIN-9 · ADR: ADR-0024",PRD-04/ADMIN-GATE
Story,MAPPING,Injection-mapping canvas (per-point lot),PRD-05,"M3 · Consult, prescribing, S4 & charting (PRD-04, PRD-05)",P0,type:story PRD-05 phase:1 area:provider-app compliance,injector,"to drop and drag injection points on a facial diagram or photo, each recording product, units, depth, technique and lot",the treatment is precisely charted and traceable to a batch,"Charting opens with product & batch (lot) selection, restricted to in-date/ARTG/in-custody stock. | Each point records product, units, depth, technique and batch-lot/expiry. | On finalise, charted units deduct from the selected lot and link to the medicine register + recall (PRD-04). | Built on the SPIKE-CANVAS approach; performs smoothly with many points.","REQ: REQ-CLIN-2, REQ-MED-4 · Compliance: C8 · PRD AC: AC1",SPRINT-0/SPIKE-CANVAS PRD-04/RECALL-LOOKUP
Story,PHOTOS,Standardised before/after photos + compare,PRD-05,"M3 · Consult, prescribing, S4 & charting (PRD-04, PRD-05)",P1,type:story PRD-05 phase:1 area:provider-app compliance,injector,to capture standardised before/after photos and compare them against prior visits,I can track outcomes consistently,Camera/upload with standardised framing/ghosting guide; side-by-side compare across visits. | Capture requires current image-use consent (PRD-03). | Photos stored centrally via signed URLs; never persisted on device beyond a transient sync cache. | Annotation supported.,"REQ: REQ-CLIN-3 · Compliance: C14 · ADR: ADR-0009 · PRD AC: AC2, AC6",PRD-03/IMAGE-CONSENT
Story,IMMUTABILITY,Immutable finalisation & audited amendments,PRD-05,"M3 · Consult, prescribing, S4 & charting (PRD-04, PRD-05)",P0,type:story PRD-05 phase:1 area:backend compliance,injector,"my finalised note to be locked, with later changes added as visible audited amendments",the clinical record is trustworthy and tamper-evident,"A finalised note cannot be edited. | An amendment creates a new linked, audited entry preserving the original. | Finalisation happens server-side. | The finalise close-out captures aftercare, recall, the 2-day wellbeing call and any adverse event.",REQ: REQ-CLIN-4 · ADR: ADR-0010 · PRD AC: AC3,PRD-05/MAPPING
Story,OFFLINE,Offline queue & sync for room-side charting,PRD-05,"M3 · Consult, prescribing, S4 & charting (PRD-04, PRD-05)",P1,type:story PRD-05 phase:1 area:provider-app,injector,my notes and photos to queue locally and sync when back online if the room loses Wi-Fi,I never lose work mid-treatment,"With connectivity dropped, notes/photos queue locally (encrypted) and sync on reconnect with no loss. | Drafts use last-write-wins; finalisation occurs server-side. | A sync/offline indicator shows queued count + last-sync time; finalise disabled until synced. | Built on SPIKE-OFFLINE.","REQ: REQ-APP-3 · ADR: ADR-0015, ADR-0010 · PRD AC: AC4",SPRINT-0/SPIKE-OFFLINE PRD-05/IMMUTABILITY
Story,ADVERSE-EVENT,Adverse-event capture → DAEN pathway,PRD-05,"M3 · Consult, prescribing, S4 & charting (PRD-04, PRD-05)",P1,type:story PRD-05 phase:1 area:provider-app compliance,injector,"to log an adverse event linked to the treatment, product and lot",it feeds the TGA report and the right follow-ups happen,"An adverse event captures the data a TGA report needs, classifies seriousness and targets the correct DAEN database (medicine vs device). | It links to the treatment, product and lot. | A complication-response flow (VO/anaphylaxis → log hyaluronidase/adrenaline) routes the AE + raises jobs. | Full submission/prefill lives in the Governance hub (PRD-08).",REQ: REQ-CLIN-5 · Compliance: C12 · PRD AC: AC5,PRD-05/IMMUTABILITY
Story,TREATMENT-PLANS,Treatment plans & protocol templates,PRD-05,"M3 · Consult, prescribing, S4 & charting (PRD-04, PRD-05)",P2,type:story PRD-05 phase:1 area:provider-app,injector,to build multi-session treatment plans from protocol templates,ongoing care is structured and drives recall,Protocol templates can be applied to create a multi-session plan. | Plans feed the recall worklist (PRD-07). | Plan progress is visible on the client 360. | A charting overview / 'in-room now' entry point lists active plans.,REQ: REQ-CLIN-7 · ADR: ADR-0024,PRD-05/NOTE-TEMPLATE
Story,MODALITY,Other-modality charting: filler / energy / weight-loss (placeholder),PRD-05,"M3 · Consult, prescribing, S4 & charting (PRD-04, PRD-05)",P2,type:story PRD-05 phase:2plus area:provider-app,injector,"modality-aware charting for filler, energy devices and weight-loss",the platform covers the full treatment menu,"Placeholder — v1 ships toxin + non-S4 skin notes; the modality model already anticipates these. | Each modality's specific gates (e.g. filler VO consent, laser licence) are captured for later build.","REQ: REQ-CLIN-10, REQ-CLIN-11, REQ-CLIN-12, REQ-CLIN-13 · ADR: ADR-0025",
Story,AI-SCRIBE,AI note dictation / auto-detect injection points (placeholder),PRD-05,"M3 · Consult, prescribing, S4 & charting (PRD-04, PRD-05)",P2,type:story PRD-05 phase:2plus area:provider-app,injector,optional AI assistance for notes and injection-point suggestions,charting is faster (with human confirmation),Placeholder — explicitly no AI in v1; any future feature is advisory + human-confirmed only. | Captured to keep the data model ready.,REQ: REQ-CLIN-6 · ADR: ADR-0020,
Epic,PRD-06,"Payments (in-person POS + autopay), memberships & non-S4 rewards",,"M4 · Commerce, comms & integrations (PRD-06, PRD-07, PRD-10)",,type:epic PRD-06 phase:1 area:web area:backend,,,,,,
Story,PAYMENT-PROVIDER,Payment provider abstraction + Square adapter,PRD-06,"M4 · Commerce, comms & integrations (PRD-06, PRD-07, PRD-10)",P0,type:story PRD-06 phase:1 area:backend area:integration,developer,a payment-provider abstraction with a Square adapter and cash tender,payments are swappable and PCI-safe,"IPaymentProvider exposes authorize/capture, refund, void, tokenize, recurring and gift-card. | Square adapter implemented; cash is an internal tender. | No PAN is ever stored — only provider tokens. | Built on SPIKE-SQUARE findings.",REQ: REQ-PAY-1 · ADR: ADR-0007 · PRD AC: AC5,SPRINT-0/SPIKE-SQUARE
Story,POS,In-person POS checkout (card + cash),PRD-06,"M4 · Commerce, comms & integrations (PRD-06, PRD-07, PRD-10)",P0,type:story PRD-06 phase:1 area:web,front desk,to take payment in person by Square card or recorded cash with receipts and split/partial support,I can check clients out at the desk,"A sale completes by Square card or recorded cash; both appear in the daily closeout. | Receipts, partial/split payments, tips and surcharge config supported. | Money figures respect the owner-only financial capability (reception sees no money totals beyond the sale). | Online one-off checkout is not exposed (deferred).",REQ: REQ-PAY-2 · PRD AC: AC1,PRD-06/PAYMENT-PROVIDER
Story,PACKAGES-GIFT,"Packages/series, gift cards & client balances",PRD-06,"M4 · Commerce, comms & integrations (PRD-06, PRD-07, PRD-10)",P1,type:story PRD-06 phase:1 area:web,front desk,to sell and redeem packages and gift cards and track client balances,clients can pre-pay and carry credit,"Package/series sale + redemption with 'visits remaining'. | Gift cards can be sold, balance-tracked and redeemed. | Client balance/credit and AR ageing tracked. | Redemptions appear in the closeout and post to Xero (PRD-10).","REQ: REQ-PAY-3, REQ-PAY-5 · PRD AC: AC6",PRD-06/POS
Story,CLOSEOUT,Daily closeout & reconciliation,PRD-06,"M4 · Commerce, comms & integrations (PRD-06, PRD-07, PRD-10)",P1,type:story PRD-06 phase:1 area:web,owner,a daily closeout that balances card and cash,the till reconciles every day,Closeout summarises card + cash tenders for the day. | Variances are surfaced. | Closeout figures are owner-gated. | Closeout reconciles to the Xero posting (PRD-10).,REQ: REQ-PAY-4 · PRD AC: AC1,PRD-06/POS
Story,MEMBERSHIP,Memberships with automatic autopay & dunning,PRD-06,"M4 · Commerce, comms & integrations (PRD-06, PRD-07, PRD-10)",P0,type:story PRD-06 phase:1 area:backend,client,to join a membership and have my card auto-charged on schedule,I get member perks without manual payments,A membership auto-charges on schedule from a stored token (card added online/in-app or in person). | A failed charge triggers dunning/recovery. | Lifecycle (join/pause/cancel/win-back) tracked → MRR/churn reporting (PRD-08). | Benefits/credits auto-apply at checkout.,"REQ: REQ-MEMB-1, REQ-MEMB-2, REQ-MEMB-3 · PRD AC: AC2",PRD-06/PAYMENT-PROVIDER
Story,REWARDS-ENGINE,Rewards engine — non-S4 only,PRD-06,"M4 · Commerce, comms & integrations (PRD-06, PRD-07, PRD-10)",P0,type:story PRD-06 phase:1 area:backend compliance,client,to earn and redeem rewards on non-S4 items only,I'm rewarded without breaching S4 advertising rules,"Visit-based rewards (milestones/every-Nth-visit) + membership perks on non-S4 items, add-ons or account/gift credit. | The engine refuses to earn, redeem or discount against any S4-flagged item. | Attempting to configure an S4 reward is blocked. | Catalog schedule flag (from PRD-04) drives eligibility.","REQ: REQ-MEMB-4, REQ-MEMB-5, REQ-MEMB-7 · Compliance: C9 · ADR: ADR-0014 · PRD AC: AC3",PRD-04/PRODUCT-CATALOGUE
Story,MARGIN-RULES,Margin-aware reward rules,PRD-06,"M4 · Commerce, comms & integrations (PRD-06, PRD-07, PRD-10)",P1,type:story PRD-06 phase:1 area:backend compliance,owner,to set margin-aware reward rules with caps and eligible items and see reward-cost vs retention,rewards drive retention without eroding margin,"Reward rules enforce value caps and eligible-item lists. | Reward-cost vs retention surfaces in reporting (PRD-08). | Reward communications go only to consented, logged-in clients (no public S4 price promotion). | Rule config is owner-gated.","REQ: REQ-MEMB-6 · Compliance: C9, C23 · PRD AC: AC4",PRD-06/REWARDS-ENGINE
Story,CHECKOUT-ASSIST,Checkout assist & post-visit rebooking,PRD-06,"M4 · Commerce, comms & integrations (PRD-06, PRD-07, PRD-10)",P2,type:story PRD-06 phase:1 area:web,front desk,checkout to suggest relevant non-S4 upsells and prompt rebooking at the right interval,I help clients and keep them on cadence,Checkout shows a subtle membership/restock upsell and a client rapport panel. | Post-checkout rebooking is offered on the treatment interval. | Upsell suggestions never include S4 discounting. | Rebooking integrates with the calendar (PRD-02) and recall (PRD-07).,REQ: REQ-PAY-6 · ADR: ADR-0022,PRD-06/POS
Story,PRICING-WHATIF,Pricing & what-if planning (owner),PRD-06,"M4 · Commerce, comms & integrations (PRD-06, PRD-07, PRD-10)",P2,type:story PRD-06 phase:1 area:web,owner,to model pricing and run what-if scenarios,I can set prices and plan membership economics,Pricing/what-if planner uses the same read-models as reporting (PRD-08). | Scenario outputs are owner-gated. | The Finance area is a pricing + reporting hub; in-app ledger/payroll/AP/BAS tooling is out of scope (Xero). | Invoices/payments still sync to Xero from checkout.,"REQ: REQ-MEMB-9 · ADR: ADR-0022, ADR-0027",PRD-06/POS
Epic,PRD-07,"Communications, reminders & recall",,"M4 · Commerce, comms & integrations (PRD-06, PRD-07, PRD-10)",,type:epic PRD-07 phase:1 area:backend area:integration,,,,,,
Story,CHANNELS,Notification channels (SMS / email / push),PRD-07,"M4 · Commerce, comms & integrations (PRD-06, PRD-07, PRD-10)",P0,type:story PRD-07 phase:1 area:backend area:integration,developer,"a notification abstraction over SMS, email and push with per-tenant templates",all messaging is consistent and provider-swappable,"INotifier supports SMS (AU provider), email and app push. | Per-tenant message templates supported. | Provider is swappable behind the port. | All sends log to the client's comms history.",REQ: REQ-NOTIF-1 · ADR: ADR-0012 · PRD AC: AC5,
Story,REMINDERS-CARE,"Reminders, confirmations & care sequences",PRD-07,"M4 · Commerce, comms & integrations (PRD-06, PRD-07, PRD-10)",P1,type:story PRD-07 phase:1 area:backend,client,timely reminders I can confirm/decline and pre-/after-care instructions for my treatment,I'm prepared and cared for around my visit,Appointment reminders/confirmations send per template; confirm/decline updates the appointment (PRD-02). | Pre-care + aftercare sequences are multi-touch and timed per treatment type. | Transactional messages send regardless of marketing opt-in and avoid S4 references. | Sends are logged to comms history.,REQ: REQ-NOTIF-2 · PRD AC: AC3,PRD-07/CHANNELS
Story,RECALL,Recall / recare worklist,PRD-07,"M4 · Commerce, comms & integrations (PRD-06, PRD-07, PRD-10)",P1,type:story PRD-07 phase:1 area:backend,front desk,a recall worklist of clients due to rebook and automatic recall nudges at the treatment interval,clients return on cadence and the book stays full,A toxin client with no future booking enters the recall worklist at the configured interval and receives the nudge. | Unbooked recommended sessions prompt a rebook. | Front desk can work the recall/rebook worklist. | Recall integrates with treatment plans (PRD-05) and rebooking (PRD-06).,REQ: REQ-NOTIF-3 · PRD AC: AC4,PRD-07/CHANNELS
Story,MARKETING-CONSENT,Marketing consent & functional unsubscribe (Spam Act),PRD-07,"M4 · Commerce, comms & integrations (PRD-06, PRD-07, PRD-10)",P1,type:story PRD-07 phase:1 area:backend compliance,client,"to only receive marketing I opted into, with a working unsubscribe on every message",my consent is respected per the Spam Act,Marketing sends only to opted-in clients and always include a working unsubscribe. | Unsubscribing suppresses future marketing immediately. | Sender identification is included. | Suppression list is honoured across channels (and by PRD-06 reward comms).,REQ: REQ-NOTIF-5 · Compliance: C23 · PRD AC: AC1,PRD-07/CHANNELS
Story,BOOKING-PAGE,"Public booking page: generic names, S4 prices withheld",PRD-07,"M4 · Commerce, comms & integrations (PRD-06, PRD-07, PRD-10)",P1,type:story PRD-07 phase:1 area:web compliance,owner,my public booking page to use generic service names and withhold S4 prices automatically,we don't reference S4 in public advertising,"The booking page renders generic service names and withholds S4 prices for any S4-flagged service (configuration-driven). | No brands, 'anti-wrinkle injections', prices or #botox appear for S4 services. | Configuration is driven by the catalog schedule flag (PRD-04). | Advertising compliance beyond this is clinic-owned (external tools).",REQ: REQ-NOTIF-12 · Compliance: C9 · ADR: ADR-0014 · PRD AC: AC2,PRD-02/ONLINE-BOOK
Story,FOLLOWUPS,Unified follow-up / job queue,PRD-07,"M4 · Commerce, comms & integrations (PRD-06, PRD-07, PRD-10)",P2,type:story PRD-07 phase:1 area:web,staff member,"one follow-up queue that merges recalls, needs-attention items and flagged messages",nothing falls through the cracks,"Recall, needs-attention and unanswered-comms items merge into a single queue. | Any message can be flagged so it isn't lost. | Inbound comms auto-categorise into jobs by rules/keyword (no AI). | A no-show (PRD-02) and negative reviews raise jobs into this queue.",REQ: REQ-NOTIF-7 · ADR: ADR-0023,PRD-07/CHANNELS
Story,INBOX,Omnichannel inbox + lead/reviews (placeholder),PRD-07,"M4 · Commerce, comms & integrations (PRD-06, PRD-07, PRD-10)",P2,type:story PRD-07 phase:2plus area:integration,staff member,a unified inbox with lead tracking and review management,all client conversations live in one place,"Placeholder — Phase 2; IG/FB/WhatsApp are reactive/service channels only (no cold-DM marketing). | Reviews acknowledge/flag/auto-detect-follow-up and the lead CRM are captured for later. | Meta feasibility (App Review, Business Verification, 24-h window) flagged for validation.","REQ: REQ-NOTIF-6, REQ-NOTIF-8, REQ-NOTIF-9 · ADR: ADR-0018, ADR-0032, ADR-0033",
Epic,PRD-08,Reporting & compliance dashboards (Governance hub),,"M5 · Reporting & apps (PRD-08, PRD-09)",,type:epic PRD-08 phase:1 area:web area:data,,,,,,
Story,READ-MODELS,Reporting read-models / materialized views,PRD-08,"M5 · Reporting & apps (PRD-08, PRD-09)",P1,type:story PRD-08 phase:1 area:data,developer,read-models/materialized views fed by domain events and the audit stream,dashboards are fast and don't hammer the transactional DB,"Read-models are populated from domain events + the audit stream. | Dashboards read from materialized views, not OLTP, and load within target on clinic data volumes. | Read-models are built incrementally per module. | Backfill/rebuild of a read-model is supported.","REQ: REQ-RPT-1 · ADR: ADR-0013, ADR-0010 · PRD AC: AC7",PRD-01/AUDIT
Story,BUSINESS-DASH,Business analytics dashboards,PRD-08,"M5 · Reporting & apps (PRD-08, PRD-09)",P1,type:story PRD-08 phase:1 area:web,owner,"dashboards for revenue, retention, no-shows, conversion, at-risk, big spenders and membership MRR/churn, filterable by date and practitioner",I can run the business on real numbers,Core dashboards match the prototype's metrics on the same date range. | Date-range presets + custom filtering; per-practitioner views. | Reward-cost vs retention surfaces (from PRD-06). | All money figures are gated behind the owner financial capability.,"REQ: REQ-RPT-1, REQ-RPT-2 · PRD AC: AC6",PRD-08/READ-MODELS
Story,COMPLIANCE-DASH,Compliance dashboards & register exports,PRD-08,"M5 · Reporting & apps (PRD-08, PRD-09)",P1,type:story PRD-08 phase:1 area:web compliance,compliance officer,"compliance dashboards and exports covering consent, consult-before-script, the S4 register, recalls, expiry and the breach/complaints registers",I can evidence compliance and act on gaps,Consult-before-script adherence shows 100% by construction; any exception is flagged. | The S4 register exports a complete immutable record; a lot lookup returns all affected clients. | Registration-expiry watch and records-due-for-destruction lists render with their basis. | Breach and complaints registers are viewable/exportable.,"REQ: REQ-RPT-3 · Compliance: C1, C8, C18, C19, C22, C24 · PRD AC: AC1, AC2, AC3, AC4",PRD-08/READ-MODELS PRD-04/RECALL-LOOKUP
Story,DAEN,Adverse-event / DAEN prefilled submission,PRD-08,"M5 · Reporting & apps (PRD-08, PRD-09)",P1,type:story PRD-08 phase:1 area:web compliance,prescriber,to generate a prefilled DAEN adverse-event report targeting the correct database,reporting an adverse event is fast and correct,"An adverse event produces a prefilled DAEN report with seriousness set, targeting the correct database (medicine vs device). | Mandatory-reporting cases are flagged. | Recall execution + acknowledgement tracking lives in the hub. | Submission is export/file (electronic channel is an open option).",Compliance: C12 · ADR: ADR-0031 · PRD AC: AC5,PRD-05/ADVERSE-EVENT
Story,DATA-QUALITY,Data-quality checks,PRD-08,"M5 · Reporting & apps (PRD-08, PRD-09)",P2,type:story PRD-08 phase:1 area:web,owner,data-quality checks that flag anomalies in my records,the data stays clean and trustworthy,"Checks flag active-but-unseen, completed-not-checked-in, duplicates, missing contacts and implausible dates. | Findings are listed and actionable. | Checks run on a schedule. | Findings feed the needs-attention digest.",REQ: REQ-RPT-4,PRD-08/READ-MODELS
Story,ATTENTION-DIGEST,Owner 'needs attention' exceptions digest,PRD-08,"M5 · Reporting & apps (PRD-08, PRD-09)",P2,type:story PRD-08 phase:1 area:web,owner,a single 'needs attention' digest of exceptions across the clinic,I can act on what matters without hunting,"Digest aggregates expiries, discrepancies, data-quality findings, failed payments and overdue follow-ups. | Each item links to its source for action. | Digest respects role/financial gating. | Available as an at-a-glance owner view.",REQ: REQ-RPT-5,PRD-08/COMPLIANCE-DASH
Story,INSPECTION-PACK,Inspection-readiness pack & governance hub,PRD-08,"M5 · Reporting & apps (PRD-08, PRD-09)",P2,type:story PRD-08 phase:1 area:web compliance,owner,a one-click pack that assembles the evidence an inspector would ask for,we're always inspection-ready,"The pack assembles consent coverage, the S4 register, registration/insurance status, IPC/waste logs and registers. | Policies & procedures sign-off is tracked in the hub. | DSAR (APP 12/13) and a breach drill are runnable from the hub. | Pack generation is audited.","REQ: REQ-RPT-7, REQ-SEC-8, REQ-SEC-9 · Compliance: C10 · ADR: ADR-0030",PRD-08/COMPLIANCE-DASH
Story,REPORT-BUILDER,Custom report builder / external BI (placeholder),PRD-08,"M5 · Reporting & apps (PRD-08, PRD-09)",P2,type:story PRD-08 phase:2plus area:web,owner,to build custom reports and benchmark against other clinics,I can answer bespoke questions,Placeholder — Phase 2+; v1 ships fixed dashboards + exports. | Captured so the read-model layer stays export-friendly.,REQ: REQ-RPT-1,
Epic,PRD-09,Apps (Flutter): client & provider,,"M5 · Reporting & apps (PRD-08, PRD-09)",,type:epic PRD-09 phase:1 area:client-app area:provider-app,,,,,,
Story,CLIENT-JOURNEY,Client app: book → intake → consent journey,PRD-09,"M5 · Reporting & apps (PRD-08, PRD-09)",P1,type:story PRD-09 phase:1 area:client-app,client,"to book, complete intake and e-sign consent entirely in the app",I'm ready for my visit without paperwork,"A client completes book → intake → consent (incl. image-use) fully in-app. | Surfaces PRD-02 booking and PRD-03 intake/consent. | Sign-in via social/email/OTP, tenant-scoped. | Reminders/recall (PRD-07) are received in-app.","REQ: REQ-APP-1 · ADR: ADR-0004 · PRD AC: AC1, AC4",PRD-02/ONLINE-BOOK PRD-03/CONSENT
Story,CLIENT-CARE,"Client app: my care, memberships, rewards & card-on-file",PRD-09,"M5 · Reporting & apps (PRD-08, PRD-09)",P2,type:story PRD-09 phase:1 area:client-app,client,"to view my photos, memberships, rewards and balance and add a card-on-file",I can self-serve my care and payments,"Consent-gated before/after photo viewing. | Memberships, rewards/perks and balances visible. | Card-on-file can be added in-app (feeds PRD-06 autopay). | No one-off online checkout is exposed.",REQ: REQ-APP-1 · Compliance: C14 · PRD AC: AC5,PRD-06/MEMBERSHIP PRD-05/PHOTOS
Story,CLIENT-PRIVACY,"Client app: account, privacy & access/correction",PRD-09,"M5 · Reporting & apps (PRD-08, PRD-09)",P2,type:story PRD-09 phase:1 area:client-app compliance,client,"an account area where I can see my data, know it stays in Australia, and request access or correction",I'm in control of my information,"Account shows profile, balances and card-on-file. | 'Your data & privacy' shows the residency note and access-copy/correction actions (PRD-01). | Requests are tracked to resolution. | Actions are audited.",REQ: REQ-APP-1 · Compliance: C21,PRD-01/PRIVACY-RIGHTS
Story,PROVIDER-DAY,Provider app: day schedule & open patient,PRD-09,"M5 · Reporting & apps (PRD-08, PRD-09)",P1,type:story PRD-09 phase:1 area:provider-app,injector/prescriber,to see my day and open a patient with consult/consent status shown before I chart,I work room-side with the right context and gates,"Schedule shows the practitioner's day; opening a patient shows consult+consent status. | Provider signs in via Entra SSO, tenant-scoped. | The consult+consent gate (PRD-03/04) is enforced before charting opens. | Quick links to map/photos/finalise.",REQ: REQ-APP-2 · ADR: ADR-0004 · PRD AC: AC1,PRD-05/NOTE-TEMPLATE
Story,PROVIDER-ROOMSIDE,"Provider app: room-side charting, camera & finalise",PRD-09,"M5 · Reporting & apps (PRD-08, PRD-09)",P1,type:story PRD-09 phase:1 area:provider-app compliance,injector,"to map injections, capture photos and finalise the chart room-side",the full clinical record is captured at the chair,"Provider app surfaces PRD-05 mapping/photos and PRD-04 consult/Rx/administration. | Photos capture to central storage via signed URLs; none persist on device after sync (C14). | Finalisation is server-side; once finalised the entry is read-only. | Thumb-first, gloves-on usability (UX §1).","REQ: REQ-APP-2 · Compliance: C14 · ADR: ADR-0009 · PRD AC: AC2, AC6",PRD-05/MAPPING PRD-05/PHOTOS
Story,PROVIDER-OFFLINE,Provider app: offline-tolerant workflows + sync indicator,PRD-09,"M5 · Reporting & apps (PRD-08, PRD-09)",P1,type:story PRD-09 phase:1 area:provider-app,injector,the app to keep working offline and clearly show my sync state,treatment-room Wi-Fi drops never cost me data,Charting/photos queue locally (encrypted) offline and sync on reconnect with no loss. | Persistent indicator shows queued-items count + last-sync time. | Finalise is disabled until synced. | Built on SPIKE-OFFLINE and PRD-05/OFFLINE.,REQ: REQ-APP-3 · ADR: ADR-0015 · PRD AC: AC3,PRD-05/OFFLINE
Story,APP-DISTRIBUTION,App distribution & code-push posture,PRD-09,"M5 · Reporting & apps (PRD-08, PRD-09)",P2,type:story PRD-09 phase:1 area:client-app area:provider-app,mobile developer,a store-distribution and (where viable) code-push pipeline for both apps,we can ship and patch the apps responsibly,Both apps distribute via internal/store channels from CI. | Code-push viability for the compliance posture is assessed and documented. | Versioning + minimum-supported-version handling in place. | Crash/usage telemetry feeds observability.,"REQ: REQ-APP-1, REQ-APP-2 · ADR: ADR-0006",SPRINT-0/FLUTTER
Epic,PRD-10,Integrations: Xero & calendar,,"M4 · Commerce, comms & integrations (PRD-06, PRD-07, PRD-10)",,type:epic PRD-10 phase:1 area:integration area:backend,,,,,,
Story,XERO,Xero invoice/payment sync,PRD-10,"M4 · Commerce, comms & integrations (PRD-06, PRD-07, PRD-10)",P1,type:story PRD-10 phase:1 area:integration,owner,completed sales/payments to post to Xero with the right account and GST,my books reconcile without re-keying,A completed sale creates the corresponding Xero invoice + payment with correct account + GST. | Failures retry and show a reconciliation status. | Services vs retail vs memberships map to the right accounts (defaults are an open question). | Implemented behind IAccountingExport (swappable).,"REQ: REQ-INT-1 · ADR: ADR-0012 · PRD AC: AC1, AC4",PRD-06/POS
Story,CALENDAR-SYNC,Two-way calendar sync (M365 / Google),PRD-10,"M4 · Commerce, comms & integrations (PRD-06, PRD-07, PRD-10)",P2,type:story PRD-10 phase:1 area:integration,practitioner,my appointments to appear in Outlook/Google and external busy-time to block my availability,I have one source of truth for my time,Creating/moving/cancelling an appointment reflects in the linked Outlook/Google calendar and vice-versa. | External busy events block availability in booking (PRD-02). | Per-staff opt-in and conflict-resolution rules (open question) supported. | Implemented behind ICalendarProvider (swappable).,"REQ: REQ-INT-2 · ADR: ADR-0012 · PRD AC: AC2, AC4",PRD-02/CALENDAR
Story,SUBPROCESSOR-POSTURE,Sub-processor residency posture (APP-8),PRD-10,"M4 · Commerce, comms & integrations (PRD-06, PRD-07, PRD-10)",P2,type:story PRD-10 phase:1 area:integration compliance,owner,assurance that any data leaving the platform goes only to AU-resident or APP-8-assessed sub-processors,integrations don't breach cross-border rules,No integration sends PII to a non-AU sub-processor unless an APP-8 assessment + consent record exists. | Sub-processor data flows are registered. | All integrations are outbound and swappable. | Ties into PRD-01/RESIDENCY enforcement.,REQ: REQ-INT-3 · Compliance: C21 · ADR: ADR-0016 · PRD AC: AC3,PRD-01/RESIDENCY
Story,INTEGRATIONS-LATER,"Online checkout, e-prescribing, webhooks/API (placeholder)",PRD-10,"M4 · Commerce, comms & integrations (PRD-06, PRD-07, PRD-10)",P2,type:story PRD-10 phase:2plus area:integration,owner,"future integrations: online checkout/deposits, e-prescribing and a public API",the platform extends as we scale,"Placeholder — Phase 2/3; each behind its existing port (IPaymentProvider, IPrescribingProvider). | S4 is never priced or sold online (invariant carried forward). | Medicare/HICAPS recorded as non-applicable to cosmetic. | e-prescribing flagged for feasibility validation.","REQ: REQ-INT-4, REQ-INT-5, REQ-INT-6, REQ-INT-7 · ADR: ADR-0035, ADR-0036",
Epic,PRD-11,"Facility, infection-control, emergency & complaints",,M6 · Facility & complaints (PRD-11),,type:epic PRD-11 phase:1 area:web area:backend,,,,,,
Story,FACILITY,Facility accreditation & expiry alerts,PRD-11,M6 · Facility & complaints (PRD-11),P2,type:story PRD-11 phase:1 area:web compliance,owner,to record facility accreditation and be alerted before it expires,we never lapse on accreditation,Per-location accreditation status recorded. | Expiry alerts fire before lapse. | Whether accreditation is blocking or advisory is configurable (open question). | Records are audited.,REQ: REQ-FAC-1 · Compliance: C20 · PRD AC: AC1,
Story,IPC-LOGS,Infection-control & waste logs,PRD-11,M6 · Facility & complaints (PRD-11),P2,type:story PRD-11 phase:1 area:web compliance,staff member,to keep infection-control logs for sterilisation/single-use and sharps/clinical-waste disposal,we evidence safe practice,Sterilisation/single-use and sharps/clinical-waste disposals can be logged and are audited. | Logs are retrievable for inspection (feeds PRD-08 pack). | A twice-daily cold-chain log with a breach pathway is supported (links PRD-04 cold-chain). | Waste manifests/sterilisation register are captured for v2 expansion.,REQ: REQ-FAC-2 · Compliance: C20 · PRD AC: AC2,
Story,EMERGENCY-KIT,Emergency kit & continuity-of-care,PRD-11,M6 · Facility & complaints (PRD-11),P2,type:story PRD-11 phase:1 area:web compliance,owner,to track the emergency kit with expiry alerts and record a continuity-of-care contact,we're prepared for complications and cover when a prescriber is unavailable,"Emergency-kit items (incl. hyaluronidase, anaphylaxis) raise expiry alerts before lapse. | A continuity-of-care contact is recorded and visible when the treating practitioner/prescriber is unavailable. | Emergency/complication protocol links are surfaced. | Ties into the complication-response flow (PRD-05).","REQ: REQ-FAC-3 · Compliance: C20 · PRD AC: AC1, AC4",
Story,COMPLAINTS,Complaints register with AHPRA pathway,PRD-11,M6 · Facility & complaints (PRD-11),P1,type:story PRD-11 phase:1 area:web compliance,manager,to log a complaint against a client/treatment and have the system surface the AHPRA pathway,complaints are handled correctly and retained,"A complaint links to the client/treatment and surfaces complaint mechanisms incl. AHPRA (noting NDA doesn't remove the right). | A complaint flag drives indefinite retention of the related record (C18, PRD-01). | Complaints feed the register/reporting (PRD-08). | A complaint can be raised from a conversation (links PRD-07).","REQ: REQ-CLI-4 · Compliance: C24, C18 · PRD AC: AC3",
Story,FAC-WORKFLOWS,Fuller facility workflows (placeholder),PRD-11,M6 · Facility & complaints (PRD-11),P2,type:story PRD-11 phase:2plus area:web,owner,"fuller facility workflows: checklists, maintenance registers and incident case management",operations and safety are fully systematised,Placeholder — v1 is lightweight registers; these workflows are Phase 2. | Captured so the facility model anticipates them.,"REQ: REQ-FAC-4, REQ-FAC-10 · ADR: ADR-0026, ADR-0030",
Epic,PHASE-2,Phase 2+ / scale (cross-cutting placeholders),,M7 · Phase 2+ (later / placeholders),,type:epic PHASE-2 phase:2plus area:backend,,,,,,
Story,MULTI-LOCATION,Multi-location switching UI (placeholder),PHASE-2,M7 · Phase 2+ (later / placeholders),P2,type:story PHASE-2 phase:2plus area:web,owner of multiple sites,to switch between locations in one place,I run several clinics from one login,Placeholder — Phase 2+; data model already carries Location. | Captured so reporting/booking stay location-aware.,REQ: REQ-TEN-1,
Story,SAAS-ONBOARDING,SaaS onboarding & billing UI (placeholder),PHASE-2,M7 · Phase 2+ (later / placeholders),P2,type:story PHASE-2 phase:2plus area:backend,prospective clinic,to sign up for the platform myself and pay a subscription,onboarding doesn't need manual provisioning,Placeholder — Phase 3; v1 provisions tenants manually. | Captured so tenancy/identity stay SaaS-ready.,"REQ: REQ-TEN-1, REQ-TEN-2",
Story,WHITE-LABEL,Per-tenant white-label theming (placeholder),PHASE-2,M7 · Phase 2+ (later / placeholders),P2,type:story PHASE-2 phase:2plus area:design,clinic owner,to brand the platform with my clinic's look,clients see my brand,Placeholder — Phase 2+; design tokens are themeable by construction. | Captured so the design system stays token-driven.,REQ: REQ-TEN-1,
Story,PUBLIC-API,Public API & webhooks (placeholder),PHASE-2,M7 · Phase 2+ (later / placeholders),P2,type:story PHASE-2 phase:2plus area:integration,integrator,a public API and webhooks,third-party tools can integrate,Placeholder — Phase 3; internal API is OpenAPI-described already. | Captured so the API stays contract-first.,REQ: REQ-INT-3,
Story,NATIVE-POS-KIOSK,Native POS hardware & tablet kiosk mode (placeholder),PHASE-2,M7 · Phase 2+ (later / placeholders),P2,type:story PHASE-2 phase:2plus area:web,front desk,native POS hardware and a kiosk check-in mode,the desk and waiting room are smoother,Placeholder — Phase 2+; v1 uses Square card-present + in-app flows. | Captured so checkout/check-in stay hardware-friendly.,"REQ: REQ-PAY-2, REQ-APP-1",
